{
  "transactionId": "test-txn-001",
  "time": 406.0,
  "v1":  -1.3598071336738,
  "v2":  -0.0727811733098497,
  "v3":   2.53634673796914,
  "v4":   1.37815522427443,
  "v5":  -0.338320769942518,
  "v6":   0.462387777762292,
  "v7":   0.239598554061257,
  "v8":   0.0986979012610507,
  "v9":   0.363786969611213,
  "v10":  0.0907941719789316,
  "v11": -0.551599533260813,
  "v12": -0.617800855762348,
  "v13": -0.991389847235408,
  "v14": -0.311169353699879,
  "v15":  1.46817697209427,
  "v16": -0.470400525259478,
  "v17":  0.207971241929242,
  "v18":  0.0257905801985591,
  "v19":  0.403992960255733,
  "v20":  0.251412098239705,
  "v21": -0.018306777944153,
  "v22":  0.277837575558899,
  "v23": -0.110473910188767,
  "v24":  0.0669280749146731,
  "v25":  0.128539358273528,
  "v26": -0.189114843888824,
  "v27":  0.133558376740387,
  "v28": -0.0210530534538215,
  "amount": 149.62,
  "true_label": 0
}
